claim_id,denial_probability,predicted_denial,risk_tier,top_risk_factors,explanation
CCLM-00082,0.9499771502033644,1,High,a referral is required but not on file; required supporting documentation appears to be missing; patient eligibility was not verified before submission,"This claim is flagged as high risk (95% predicted denial probability), mainly because a referral is required but not on file and required supporting documentation appears to be missing. Recommended action: verify a referral exists and attach it before submission. This is a model-based risk estimate, not a guarantee the claim will be denied."
CCLM-00087,0.931142974572516,1,High,required supporting documentation appears to be missing; patient eligibility was not verified before submission; the claim was submitted 40 days after service (later submissions carry more denial risk),"This claim is flagged as high risk (93% predicted denial probability), mainly because required supporting documentation appears to be missing and patient eligibility was not verified before submission. Recommended action: pull the missing supporting documentation and attach it before submission. This is a model-based risk estimate, not a guarantee the claim will be denied."
CCLM-00372,0.9179622093977552,1,High,prior authorization is required but not on file; required supporting documentation appears to be missing; expected payment is only 32% of the billed amount,"This claim is flagged as high risk (92% predicted denial probability), mainly because prior authorization is required but not on file and required supporting documentation appears to be missing. Recommended action: confirm whether prior authorization was obtained and attach it before submission. This is a model-based risk estimate, not a guarantee the claim will be denied."
CCLM-00049,0.907901413446195,1,High,prior authorization is required but not on file; a referral is required but not on file; required supporting documentation appears to be missing,"This claim is flagged as high risk (91% predicted denial probability), mainly because prior authorization is required but not on file and a referral is required but not on file. Recommended action: confirm whether prior authorization was obtained and attach it before submission. This is a model-based risk estimate, not a guarantee the claim will be denied."
CCLM-00344,0.898209933815455,1,High,prior authorization is required but not on file; required supporting documentation appears to be missing; the payer type is Commercial,"This claim is flagged as high risk (90% predicted denial probability), mainly because prior authorization is required but not on file and required supporting documentation appears to be missing. Recommended action: confirm whether prior authorization was obtained and attach it before submission. This is a model-based risk estimate, not a guarantee the claim will be denied."
CCLM-00446,0.896972838289828,1,High,required supporting documentation appears to be missing; patient eligibility was not verified before submission; expected payment is only 38% of the billed amount,"This claim is flagged as high risk (90% predicted denial probability), mainly because required supporting documentation appears to be missing and patient eligibility was not verified before submission. Recommended action: pull the missing supporting documentation and attach it before submission. This is a model-based risk estimate, not a guarantee the claim will be denied."
CCLM-00136,0.8922102611717936,1,High,"a referral is required but not on file; required supporting documentation appears to be missing; the total billed amount is $95,000","This claim is flagged as high risk (89% predicted denial probability), mainly because a referral is required but not on file and required supporting documentation appears to be missing. Recommended action: verify a referral exists and attach it before submission. This is a model-based risk estimate, not a guarantee the claim will be denied."
CCLM-00285,0.8873865873860267,1,High,"prior authorization is required but not on file; required supporting documentation appears to be missing; the expected payment is $38,261","This claim is flagged as high risk (89% predicted denial probability), mainly because prior authorization is required but not on file and required supporting documentation appears to be missing. Recommended action: confirm whether prior authorization was obtained and attach it before submission. This is a model-based risk estimate, not a guarantee the claim will be denied."
CCLM-00259,0.8747149470525623,1,High,prior authorization is required but not on file; a referral is required but not on file; expected payment is only 35% of the billed amount,"This claim is flagged as high risk (87% predicted denial probability), mainly because prior authorization is required but not on file and a referral is required but not on file. Recommended action: confirm whether prior authorization was obtained and attach it before submission. This is a model-based risk estimate, not a guarantee the claim will be denied."
CCLM-00028,0.8688563762178404,1,High,required supporting documentation appears to be missing; patient eligibility was not verified before submission; this is an inpatient visit,"This claim is flagged as high risk (87% predicted denial probability), mainly because required supporting documentation appears to be missing and patient eligibility was not verified before submission. Recommended action: pull the missing supporting documentation and attach it before submission. This is a model-based risk estimate, not a guarantee the claim will be denied."
CCLM-00416,0.859301155524366,1,High,prior authorization is required but not on file; patient eligibility was not verified before submission; this is an inpatient visit,
CCLM-00023,0.85784154221147,1,High,prior authorization is required but not on file; required supporting documentation appears to be missing; the claim was submitted 42 days after service (later submissions carry more denial risk),
CCLM-00352,0.857354731904686,1,High,prior authorization is required but not on file; required supporting documentation appears to be missing; expected payment is only 31% of the billed amount,
CCLM-00062,0.8549348098640507,1,High,prior authorization is required but not on file; patient eligibility was not verified before submission; expected payment is only 33% of the billed amount,
CCLM-00213,0.8547469034329818,1,High,prior authorization is required but not on file; the claim was submitted 42 days after service (later submissions carry more denial risk); this is an inpatient visit,
CCLM-00177,0.8545605367757003,1,High,prior authorization is required but not on file; required supporting documentation appears to be missing; the claim was submitted 34 days after service (later submissions carry more denial risk),
CCLM-00013,0.8376994533928898,1,High,prior authorization is required but not on file; patient eligibility was not verified before submission; expected payment is only 32% of the billed amount,
CCLM-00163,0.8335874049139874,1,High,prior authorization is required but not on file; a referral is required but not on file; expected payment is only 37% of the billed amount,
CCLM-00099,0.8325022470510063,1,High,prior authorization is required but not on file; expected payment is only 29% of the billed amount; this is an inpatient visit,
CCLM-00280,0.8286749897840107,1,High,required supporting documentation appears to be missing; patient eligibility was not verified before submission; expected payment is only 36% of the billed amount,
CCLM-00176,0.8281184524736608,1,High,prior authorization is required but not on file; this is an inpatient visit; the payer type is Commercial,
CCLM-00459,0.824887862694393,1,High,prior authorization is required but not on file; patient eligibility was not verified before submission; expected payment is only 40% of the billed amount,
CCLM-00135,0.823393585631888,1,High,required supporting documentation appears to be missing; patient eligibility was not verified before submission; the claim was submitted 39 days after service (later submissions carry more denial risk),
CCLM-00470,0.8195485534356218,1,High,"prior authorization is required but not on file; the expected payment is $58,611; the total billed amount is $95,000",
CCLM-00407,0.8183034330297132,1,High,"prior authorization is required but not on file; required supporting documentation appears to be missing; the expected payment is $34,206",
CCLM-00170,0.8118257497077926,1,High,required supporting documentation appears to be missing; patient eligibility was not verified before submission; this is an inpatient visit,
CCLM-00134,0.8060012715243088,1,High,prior authorization is required but not on file; a referral is required but not on file; required supporting documentation appears to be missing,
CCLM-00476,0.8050540054337075,1,High,required supporting documentation appears to be missing; expected payment is only 34% of the billed amount; the payer type is Commercial,
CCLM-00279,0.8034540560880872,1,High,required supporting documentation appears to be missing; the claim was submitted 38 days after service (later submissions carry more denial risk); the claim lists 14 diagnosis codes,
CCLM-00383,0.7979746103131917,1,High,a referral is required but not on file; patient eligibility was not verified before submission; the claim was submitted 33 days after service (later submissions carry more denial risk),
CCLM-00221,0.7977180249601206,1,High,required supporting documentation appears to be missing; expected payment is only 26% of the billed amount; the payer type is Commercial,
CCLM-00147,0.7879429059243079,1,High,prior authorization is required but not on file; the claim was submitted 30 days after service (later submissions carry more denial risk); the payer type is Commercial,
CCLM-00477,0.7772155756931469,1,High,prior authorization is required but not on file; this is an inpatient visit; the payer type is Commercial,
CCLM-00380,0.7549203603189618,1,High,required supporting documentation appears to be missing; the claim was submitted 51 days after service (later submissions carry more denial risk); expected payment is only 33% of the billed amount,
CCLM-00063,0.7546903699477946,1,High,patient eligibility was not verified before submission; the claim was submitted 37 days after service (later submissions carry more denial risk); expected payment is only 35% of the billed amount,
CCLM-00500,0.7520875757689445,1,High,required supporting documentation appears to be missing; the claim was submitted 55 days after service (later submissions carry more denial risk); this is an inpatient visit,
CCLM-00370,0.7473372643539927,1,High,patient eligibility was not verified before submission; expected payment is only 38% of the billed amount; the payer type is Commercial,
CCLM-00481,0.743276681005016,1,High,prior authorization is required but not on file; the claim was submitted 56 days after service (later submissions carry more denial risk); the payer type is Commercial,
CCLM-00116,0.7411069585113784,1,High,a referral is required but not on file; patient eligibility was not verified before submission; expected payment is only 34% of the billed amount,
CCLM-00386,0.7390295188938523,1,High,"required supporting documentation appears to be missing; the claim was submitted 38 days after service (later submissions carry more denial risk); the expected payment is $29,067",
CCLM-00492,0.7352383269464905,1,High,required supporting documentation appears to be missing; expected payment is only 34% of the billed amount; the payer type is Commercial,
CCLM-00252,0.7318811489103509,1,High,"required supporting documentation appears to be missing; the expected payment is $41,354; the total billed amount is $75,304",
CCLM-00307,0.7290970003876512,1,High,required supporting documentation appears to be missing; the claim was submitted 34 days after service (later submissions carry more denial risk); the payer type is Commercial,
CCLM-00203,0.7275981474040063,1,High,required supporting documentation appears to be missing; the payer type is Commercial; expected payment is only 40% of the billed amount,
CCLM-00439,0.7222927927928561,1,High,a referral is required but not on file; required supporting documentation appears to be missing; this is an inpatient visit,
CCLM-00214,0.7181543850541557,1,High,patient eligibility was not verified before submission; the claim was submitted 37 days after service (later submissions carry more denial risk); expected payment is only 31% of the billed amount,
CCLM-00272,0.7180205785372823,1,High,patient eligibility was not verified before submission; the claim was submitted 41 days after service (later submissions carry more denial risk); the payer type is Commercial,
CCLM-00290,0.7150640599627031,1,High,prior authorization is required but not on file; expected payment is only 34% of the billed amount; this is an inpatient visit,
CCLM-00037,0.7141233654070573,1,High,prior authorization is required but not on file; patient eligibility was not verified before submission; the claim was submitted 30 days after service (later submissions carry more denial risk),
CCLM-00179,0.7139700349793936,1,High,prior authorization is required but not on file; expected payment is only 29% of the billed amount; the payer type is Commercial,
CCLM-00130,0.7128972394010576,1,High,required supporting documentation appears to be missing; the payer type is Commercial; the claim was submitted 25 days after service (later submissions carry more denial risk),
CCLM-00051,0.7109488588731703,1,High,prior authorization is required but not on file; required supporting documentation appears to be missing; the provider is out of network for this payer,
CCLM-00165,0.7103933813733436,1,High,prior authorization is required but not on file; the payer type is Commercial; the provider is out of network for this payer,
CCLM-00125,0.708572528024728,1,High,required supporting documentation appears to be missing; the claim was submitted 31 days after service (later submissions carry more denial risk); expected payment is only 41% of the billed amount,
CCLM-00174,0.7055751350658854,1,High,required supporting documentation appears to be missing; the payer type is Commercial; expected payment is only 41% of the billed amount,
CCLM-00377,0.7016925056015445,1,High,prior authorization is required but not on file; the claim was submitted 29 days after service (later submissions carry more denial risk); this is an inpatient visit,
CCLM-00068,0.6929172135267915,1,High,required supporting documentation appears to be missing; the claim lists 15 diagnosis codes; this is an inpatient visit,
CCLM-00381,0.6922858019666903,1,High,required supporting documentation appears to be missing; the claim was submitted 55 days after service (later submissions carry more denial risk); this is an inpatient visit,
CCLM-00385,0.690336643706307,1,High,required supporting documentation appears to be missing; this is an inpatient visit; the claim was submitted 28 days after service (later submissions carry more denial risk),
CCLM-00471,0.6895461322024868,1,High,prior authorization is required but not on file; this is an inpatient visit; the payer type is Commercial,
CCLM-00152,0.6876900185219139,1,High,"required supporting documentation appears to be missing; the claim was submitted 36 days after service (later submissions carry more denial risk); the expected payment is $34,356",
CCLM-00094,0.6803935784162701,1,High,prior authorization is required but not on file; the claim was submitted 31 days after service (later submissions carry more denial risk); this is an inpatient visit,
CCLM-00204,0.6793272801559104,1,High,a referral is required but not on file; required supporting documentation appears to be missing; the claim lists 1 procedure codes,
CCLM-00042,0.6779925279545138,1,High,prior authorization is required but not on file; required supporting documentation appears to be missing; the claim lists 1 procedure codes,
CCLM-00224,0.6778742270905722,1,High,prior authorization is required but not on file; this is an inpatient visit; the payer type is Commercial,
CCLM-00058,0.6775687934562559,1,High,required supporting documentation appears to be missing; patient eligibility was not verified before submission; this is an inpatient visit,
CCLM-00207,0.6770565345540184,1,High,a referral is required but not on file; the claim was submitted 42 days after service (later submissions carry more denial risk); the payer type is Commercial,
CCLM-00019,0.6750901734808067,1,High,required supporting documentation appears to be missing; this is an inpatient visit; the payer type is Commercial,
CCLM-00295,0.6740422349588622,1,High,patient eligibility was not verified before submission; expected payment is only 30% of the billed amount; the payer type is Commercial,
CCLM-00085,0.6739160698212334,1,High,prior authorization is required but not on file; this is an inpatient visit; the payer type is Commercial,
CCLM-00317,0.6703637119039051,1,High,required supporting documentation appears to be missing; this is an inpatient visit; the payer type is Commercial,
CCLM-00468,0.6702978311904199,1,High,required supporting documentation appears to be missing; expected payment is only 40% of the billed amount; the payer type is Commercial,
CCLM-00117,0.6697934134460055,1,High,patient eligibility was not verified before submission; expected payment is only 39% of the billed amount; the payer type is Commercial,
CCLM-00334,0.656968537413664,1,High,patient eligibility was not verified before submission; the claim was submitted 34 days after service (later submissions carry more denial risk); the payer type is Commercial,
CCLM-00088,0.6569087415515461,1,High,patient eligibility was not verified before submission; expected payment is only 36% of the billed amount; the payer type is Commercial,
CCLM-00388,0.6547620722348589,1,High,a referral is required but not on file; this is an inpatient visit; the payer type is Commercial,
CCLM-00108,0.6547320385662594,1,High,required supporting documentation appears to be missing; expected payment is only 38% of the billed amount; the payer type is Commercial,
CCLM-00217,0.6520991010243126,1,High,"prior authorization is required but not on file; the claim was submitted 26 days after service (later submissions carry more denial risk); the expected payment is $14,218",
CCLM-00463,0.6509114785709732,1,High,"the claim was submitted 48 days after service (later submissions carry more denial risk); the total billed amount is $95,000; expected payment is only 27% of the billed amount",
CCLM-00365,0.650726028181323,1,High,required supporting documentation appears to be missing; this is an inpatient visit; the payer type is Commercial,
CCLM-00461,0.6485903157007056,1,High,"prior authorization is required but not on file; the expected payment is $21,614; this is an inpatient visit",
CCLM-00455,0.6477038532028153,1,High,a referral is required but not on file; expected payment is only 25% of the billed amount; the payer type is Commercial,
CCLM-00180,0.6451124854579822,1,High,required supporting documentation appears to be missing; expected payment is only 32% of the billed amount; the payer type is Commercial,
CCLM-00254,0.6446267241582179,1,High,required supporting documentation appears to be missing; this is an inpatient visit; the payer type is Commercial,
CCLM-00392,0.6438513076777425,1,High,a referral is required but not on file; expected payment is only 33% of the billed amount; this is an inpatient visit,
CCLM-00231,0.6413770254342596,1,High,patient eligibility was not verified before submission; the payer type is Commercial; the provider is out of network for this payer,
CCLM-00011,0.6379200308447597,1,High,"patient eligibility was not verified before submission; expected payment is only 31% of the billed amount; the total billed amount is $61,353",
CCLM-00310,0.6366430280845382,1,High,patient eligibility was not verified before submission; this is an inpatient visit; the payer type is Commercial,
CCLM-00432,0.6365413767944842,1,High,prior authorization is required but not on file; required supporting documentation appears to be missing; the claim lists 10 diagnosis codes,
CCLM-00299,0.6336494205812536,1,High,required supporting documentation appears to be missing; expected payment is only 33% of the billed amount; the payer type is Commercial,
CCLM-00139,0.6318678304935975,1,High,required supporting documentation appears to be missing; this is an inpatient visit; the payer type is Commercial,
CCLM-00222,0.6317348835789556,1,High,patient eligibility was not verified before submission; the claim was submitted 29 days after service (later submissions carry more denial risk); expected payment is only 38% of the billed amount,
CCLM-00410,0.6271899407668899,1,High,patient eligibility was not verified before submission; the claim was submitted 42 days after service (later submissions carry more denial risk); the payer type is Commercial,
CCLM-00137,0.6271097609048606,1,High,patient eligibility was not verified before submission; the payer type is Commercial; the payer type is Medicaid MCO,
CCLM-00032,0.626350634381736,1,High,required supporting documentation appears to be missing; the payer type is Commercial; expected payment is only 45% of the billed amount,
CCLM-00196,0.6256543367367938,1,High,expected payment is only 33% of the billed amount; this is an inpatient visit; the payer type is Commercial,
CCLM-00447,0.625469414666664,1,High,the claim was submitted 64 days after service (later submissions carry more denial risk); the payer type is Commercial; the payer type is Medicaid MCO,
CCLM-00338,0.6232322440976128,1,High,patient eligibility was not verified before submission; expected payment is only 31% of the billed amount; the payer type is Commercial,
CCLM-00421,0.6224599947499483,1,High,expected payment is only 39% of the billed amount; this is an inpatient visit; the claim lists 11 diagnosis codes,
CCLM-00209,0.6221881523882362,1,High,patient eligibility was not verified before submission; the payer type is Commercial; expected payment is only 40% of the billed amount,
CCLM-00006,0.6201165271077327,1,High,required supporting documentation appears to be missing; the payer type is Commercial; the provider is out of network for this payer,
CCLM-00288,0.6151335262881815,1,High,patient eligibility was not verified before submission; expected payment is only 36% of the billed amount; the payer type is Commercial,
CCLM-00166,0.6147972508453249,1,High,required supporting documentation appears to be missing; the payer type is Commercial; expected payment is only 42% of the billed amount,
CCLM-00239,0.6139495542754784,1,High,prior authorization is required but not on file; expected payment is only 32% of the billed amount; the payer type is Commercial,
CCLM-00345,0.6134990100186785,1,High,"patient eligibility was not verified before submission; the expected payment is $30,238; the total billed amount is $51,313",
CCLM-00077,0.610557875618611,1,High,a referral is required but not on file; expected payment is only 32% of the billed amount; this is an inpatient visit,
CCLM-00189,0.6099742803012826,1,High,patient eligibility was not verified before submission; this is an inpatient visit; the payer type is Commercial,
CCLM-00039,0.6076167252106459,1,High,required supporting documentation appears to be missing; the payer type is Commercial; the payer type is BCBS,
CCLM-00248,0.606127500491386,1,High,required supporting documentation appears to be missing; the claim lists 12 diagnosis codes; this is an inpatient visit,
CCLM-00104,0.6053536888159089,1,High,prior authorization is required but not on file; the claim was submitted 39 days after service (later submissions carry more denial risk); the claim lists 8 diagnosis codes,
CCLM-00294,0.599828450196909,1,High,prior authorization is required but not on file; expected payment is only 37% of the billed amount; the payer type is Commercial,
CCLM-00158,0.5967821975666422,1,High,required supporting documentation appears to be missing; the claim was submitted 29 days after service (later submissions carry more denial risk); this is an inpatient visit,
CCLM-00311,0.5967322040028311,1,High,prior authorization is required but not on file; the claim lists 12 diagnosis codes; the claim was submitted 27 days after service (later submissions carry more denial risk),
CCLM-00308,0.5966649366249374,1,High,required supporting documentation appears to be missing; expected payment is only 35% of the billed amount; the payer type is Commercial,
CCLM-00054,0.5951103951858726,1,High,"required supporting documentation appears to be missing; the expected payment is $37,670; the total billed amount is $59,170",
CCLM-00044,0.5947310915640519,1,High,patient eligibility was not verified before submission; expected payment is only 30% of the billed amount; the payer type is Commercial,
CCLM-00168,0.5943027068075073,1,High,a referral is required but not on file; expected payment is only 37% of the billed amount; this is an inpatient visit,
CCLM-00230,0.5940055014787894,0,Medium,the claim was submitted 58 days after service (later submissions carry more denial risk); the payer type is Commercial; the payer type is Medicaid MCO,
CCLM-00305,0.5938306344701848,0,Medium,the claim was submitted 41 days after service (later submissions carry more denial risk); this is an inpatient visit; the payer type is Commercial,
CCLM-00431,0.5936330727652773,0,Medium,required supporting documentation appears to be missing; the payer type is Commercial; the claim was submitted 24 days after service (later submissions carry more denial risk),
CCLM-00491,0.5910267787126996,0,Medium,required supporting documentation appears to be missing; expected payment is only 39% of the billed amount; the payer type is Commercial,
CCLM-00341,0.5909631257534937,0,Medium,a referral is required but not on file; the claim was submitted 28 days after service (later submissions carry more denial risk); the payer type is Commercial,
CCLM-00182,0.5909292483129313,0,Medium,required supporting documentation appears to be missing; expected payment is only 39% of the billed amount; the payer type is Commercial,
CCLM-00269,0.5877931871768401,0,Medium,a referral is required but not on file; expected payment is only 32% of the billed amount; the payer type is Commercial,
CCLM-00017,0.587093836350027,0,Medium,required supporting documentation appears to be missing; the payer type is Commercial; the payer type is BCBS,
CCLM-00324,0.5859321991339643,0,Medium,prior authorization is required but not on file; this is an inpatient visit; the claim lists 8 diagnosis codes,
CCLM-00055,0.5826236739457449,0,Medium,prior authorization is required but not on file; the payer type is Commercial; the payer type is Medicare Advantage,
CCLM-00255,0.581261445691681,0,Medium,prior authorization is required but not on file; the claim lists 2 procedure codes; this is an observation visit,
CCLM-00124,0.5806668054219152,0,Medium,the claim was submitted 62 days after service (later submissions carry more denial risk); the payer type is Commercial; the payer type is Medicaid MCO,
CCLM-00053,0.5771709139605492,0,Medium,required supporting documentation appears to be missing; this is an observation visit; the claim lists 3 procedure codes,
CCLM-00443,0.5765214459688743,0,Medium,the claim was submitted 43 days after service (later submissions carry more denial risk); the payer type is Commercial; the provider is out of network for this payer,
CCLM-00003,0.5745027206170924,0,Medium,patient eligibility was not verified before submission; the payer type is Commercial; expected payment is only 41% of the billed amount,
CCLM-00098,0.5744160915498376,0,Medium,patient eligibility was not verified before submission; expected payment is only 37% of the billed amount; this is an inpatient visit,
CCLM-00040,0.5731171674198758,0,Medium,"the expected payment is $37,716; the total billed amount is $74,459; this is an inpatient visit",
CCLM-00103,0.5728070176049264,0,Medium,prior authorization is required but not on file; this is an outpatient visit; the claim lists 3 procedure codes,
CCLM-00328,0.5725217323620766,0,Medium,a referral is required but not on file; expected payment is only 32% of the billed amount; this is an inpatient visit,
CCLM-00240,0.5709877055939567,0,Medium,required supporting documentation appears to be missing; this is an inpatient visit; this is an outpatient visit,
CCLM-00378,0.5694715946565949,0,Medium,the claim was submitted 36 days after service (later submissions carry more denial risk); expected payment is only 30% of the billed amount; the payer type is Commercial,
CCLM-00313,0.5679387587096202,0,Medium,"the expected payment is $54,870; the total billed amount is $94,281; the claim was submitted 32 days after service (later submissions carry more denial risk)",
CCLM-00384,0.563789865055565,0,Medium,required supporting documentation appears to be missing; the payer type is Commercial; the payer type is BCBS,
CCLM-00263,0.5630115996800712,0,Medium,prior authorization is required but not on file; the claim was submitted 25 days after service (later submissions carry more denial risk); the claim lists 2 procedure codes,
CCLM-00360,0.562010056021857,0,Medium,"expected payment is only 35% of the billed amount; the payer type is Commercial; the total billed amount is $33,191",
CCLM-00190,0.5610305066847633,0,Medium,patient eligibility was not verified before submission; the payer type is Commercial; the payer type is Medicaid MCO,
CCLM-00397,0.5605992634929827,0,Medium,expected payment is only 38% of the billed amount; the payer type is Commercial; the payer type is Medicaid MCO,
CCLM-00046,0.5600103041335328,0,Medium,required supporting documentation appears to be missing; this is an inpatient visit; this is an outpatient visit,
CCLM-00202,0.5567276361491222,0,Medium,required supporting documentation appears to be missing; this is an inpatient visit; expected payment is only 41% of the billed amount,
CCLM-00390,0.5552994654884852,0,Medium,"this is an inpatient visit; the expected payment is $17,772; the total billed amount is $32,484",
CCLM-00092,0.5540060203215567,0,Medium,"the expected payment is $40,562; the total billed amount is $79,664; this is an inpatient visit",
CCLM-00115,0.5538809087742208,0,Medium,required supporting documentation appears to be missing; the claim was submitted 61 days after service (later submissions carry more denial risk); this is an observation visit,
CCLM-00157,0.5524453121505332,0,Medium,"patient eligibility was not verified before submission; the payer type is Commercial; the expected payment is $13,492",
CCLM-00004,0.5516401355892485,0,Medium,"the total billed amount is $47,635; the expected payment is $23,640; this is an inpatient visit",
CCLM-00405,0.5508067539868512,0,Medium,required supporting documentation appears to be missing; the payer type is Commercial; the payer type is BCBS,
CCLM-00247,0.5505902997528218,0,Medium,expected payment is only 32% of the billed amount; this is an inpatient visit; the payer type is Commercial,
CCLM-00475,0.5481702507667341,0,Medium,patient eligibility was not verified before submission; the payer type is Commercial; the claim was submitted 27 days after service (later submissions carry more denial risk),
CCLM-00253,0.547832832906603,0,Medium,patient eligibility was not verified before submission; expected payment is only 38% of the billed amount; the claim was submitted 28 days after service (later submissions carry more denial risk),
CCLM-00296,0.5453432141847571,0,Medium,"patient eligibility was not verified before submission; the payer type is Commercial; the total billed amount is $26,817",
CCLM-00187,0.5447157804902292,0,Medium,"required supporting documentation appears to be missing; the expected payment is $10,268; the claim lists 2 procedure codes",
CCLM-00143,0.5433375269776233,0,Medium,prior authorization is required but not on file; the claim lists 2 procedure codes; this is an observation visit,
CCLM-00401,0.5376894442226022,0,Medium,required supporting documentation appears to be missing; the payer type is Commercial; the payer type is Medicare Advantage,
CCLM-00364,0.5376636286276285,0,Medium,required supporting documentation appears to be missing; this is an inpatient visit; the payer type is Commercial,
CCLM-00304,0.5365410234090053,0,Medium,patient eligibility was not verified before submission; the payer type is Commercial; the payer type is Medicare Advantage,
CCLM-00494,0.5341877669600937,0,Medium,expected payment is only 34% of the billed amount; this is an inpatient visit; the payer type is Commercial,
CCLM-00474,0.5340922341851395,0,Medium,"this is an inpatient visit; the payer type is Commercial; the total billed amount is $37,124",
CCLM-00473,0.5329172309334488,0,Medium,"required supporting documentation appears to be missing; the claim was submitted 45 days after service (later submissions carry more denial risk); the expected payment is $12,231",
CCLM-00154,0.5296052834583055,0,Medium,prior authorization is required but not on file; expected payment is only 44% of the billed amount; the claim lists 2 procedure codes,
CCLM-00337,0.5258040622600623,0,Medium,required supporting documentation appears to be missing; this is an inpatient visit; the claim lists 9 diagnosis codes,
CCLM-00268,0.5248801009197013,0,Medium,the claim was submitted 44 days after service (later submissions carry more denial risk); expected payment is only 38% of the billed amount; the payer type is Commercial,
CCLM-00282,0.5241730316245313,0,Medium,a referral is required but not on file; expected payment is only 31% of the billed amount; the payer type is Commercial,
CCLM-00326,0.5228351551977398,0,Medium,the payer type is Commercial; the payer type is Medicaid MCO; the claim was submitted 26 days after service (later submissions carry more denial risk),
CCLM-00270,0.522726257394914,0,Medium,the claim was submitted 33 days after service (later submissions carry more denial risk); the payer type is Commercial; the payer type is Medicaid MCO,
CCLM-00402,0.5175061820199657,0,Medium,prior authorization is required but not on file; the claim was submitted 32 days after service (later submissions carry more denial risk); this is an inpatient visit,
CCLM-00005,0.517316437333685,0,Medium,expected payment is only 32% of the billed amount; the claim was submitted 29 days after service (later submissions carry more denial risk); the payer type is Commercial,
CCLM-00488,0.5172786401447672,0,Medium,expected payment is only 33% of the billed amount; the payer type is Commercial; the payer type is Medicaid MCO,
CCLM-00382,0.516410094072356,0,Medium,a referral is required but not on file; the payer type is Commercial; the payer type is Medicaid MCO,
CCLM-00321,0.5142927250570023,0,Medium,required supporting documentation appears to be missing; the claim was submitted 28 days after service (later submissions carry more denial risk); the claim lists 2 procedure codes,
CCLM-00151,0.5122947055028528,0,Medium,patient eligibility was not verified before submission; the payer type is Commercial; expected payment is only 42% of the billed amount,
CCLM-00114,0.5107305802285425,0,Medium,"the total billed amount is $60,456; the expected payment is $29,731; this is an inpatient visit",
CCLM-00191,0.5092682826790633,0,Medium,"expected payment is only 31% of the billed amount; the total billed amount is $47,325; this is an inpatient visit",
CCLM-00199,0.5088474761335556,0,Medium,patient eligibility was not verified before submission; the payer type is Commercial; the payer type is BCBS,
CCLM-00025,0.5079351764250096,0,Medium,"a referral is required but not on file; the payer type is Commercial; the expected payment is $13,356",
CCLM-00257,0.5073733880383564,0,Medium,the payer type is Commercial; expected payment is only 42% of the billed amount; the payer type is Medicare Advantage,
CCLM-00478,0.5058656880232416,0,Medium,the payer type is Commercial; the payer type is Medicaid MCO; the provider is out of network for this payer,
CCLM-00376,0.5049043546307297,0,Medium,the claim was submitted 35 days after service (later submissions carry more denial risk); the payer type is Commercial; expected payment is only 41% of the billed amount,
CCLM-00333,0.502914178180318,0,Medium,the claim was submitted 30 days after service (later submissions carry more denial risk); the payer type is Commercial; the provider is out of network for this payer,
CCLM-00422,0.4986600652371763,0,Medium,expected payment is only 35% of the billed amount; the payer type is Commercial; the payer type is Medicaid MCO,
CCLM-00314,0.497659874234513,0,Medium,a referral is required but not on file; this is an inpatient visit; the claim lists 8 diagnosis codes,
CCLM-00413,0.4975920855727379,0,Medium,patient eligibility was not verified before submission; the claim lists 2 procedure codes; this is an observation visit,
CCLM-00212,0.4960182092512242,0,Medium,a referral is required but not on file; expected payment is only 39% of the billed amount; this is an inpatient visit,
CCLM-00404,0.4932322500282091,0,Medium,expected payment is only 37% of the billed amount; the payer type is Commercial; the payer type is Medicaid MCO,
CCLM-00373,0.4922586297837153,0,Medium,the claim was submitted 77 days after service (later submissions carry more denial risk); this is an inpatient visit; the claim lists 10 diagnosis codes,
CCLM-00194,0.4873178709958052,0,Medium,expected payment is only 38% of the billed amount; the payer type is Commercial; the payer type is Medicaid MCO,
CCLM-00206,0.4871635040879732,0,Medium,expected payment is only 30% of the billed amount; this is an inpatient visit; the claim lists 11 diagnosis codes,
CCLM-00102,0.4855284497724159,0,Medium,the claim was submitted 32 days after service (later submissions carry more denial risk); expected payment is only 36% of the billed amount; the payer type is Commercial,
CCLM-00145,0.4847275066146111,0,Medium,patient eligibility was not verified before submission; this is an inpatient visit; the claim lists 7 diagnosis codes,
CCLM-00375,0.4838275484642098,0,Medium,expected payment is only 30% of the billed amount; the payer type is Commercial; the payer type is Medicaid MCO,
CCLM-00195,0.4830452641370542,0,Medium,expected payment is only 34% of the billed amount; the payer type is Commercial; the payer type is Medicaid MCO,
CCLM-00173,0.4809225242455535,0,Medium,the claim was submitted 40 days after service (later submissions carry more denial risk); the payer type is Commercial; the payer type is Medicaid MCO,
CCLM-00441,0.4788604424155184,0,Medium,patient eligibility was not verified before submission; the payer type is Commercial; expected payment is only 42% of the billed amount,
CCLM-00215,0.4783215167116337,0,Medium,expected payment is only 37% of the billed amount; the payer type is Commercial; the payer type is Medicaid MCO,
CCLM-00235,0.4770725946783704,0,Medium,the claim was submitted 33 days after service (later submissions carry more denial risk); the payer type is Commercial; expected payment is only 40% of the billed amount,
CCLM-00435,0.4759602606759401,0,Medium,the payer type is Commercial; the payer type is Medicaid MCO; the provider is out of network for this payer,
CCLM-00418,0.4741591666179357,0,Medium,the payer type is Commercial; the claim was submitted 27 days after service (later submissions carry more denial risk); expected payment is only 44% of the billed amount,
CCLM-00184,0.4733576903417472,0,Medium,this is an inpatient visit; the payer type is Commercial; the claim lists 10 diagnosis codes,
CCLM-00339,0.4721631392516281,0,Medium,expected payment is only 29% of the billed amount; the payer type is Commercial; the payer type is Medicaid MCO,
CCLM-00262,0.4700700790646794,0,Medium,this is an inpatient visit; the claim lists 11 diagnosis codes; the payer type is Commercial,
CCLM-00089,0.4693157712229953,0,Medium,expected payment is only 35% of the billed amount; this is an inpatient visit; the payer type is Commercial,
CCLM-00120,0.4691133776462829,0,Medium,the payer type is Commercial; the claim was submitted 26 days after service (later submissions carry more denial risk); the payer type is Medicare Advantage,
CCLM-00014,0.4688506215129681,0,Medium,a referral is required but not on file; expected payment is only 38% of the billed amount; the payer type is Commercial,
CCLM-00467,0.4685868223381219,0,Medium,expected payment is only 38% of the billed amount; this is an inpatient visit; the payer type is Commercial,
CCLM-00318,0.4672700026114306,0,Medium,"prior authorization is required but not on file; this is an inpatient visit; the expected payment is $20,104",
CCLM-00450,0.4670182945029542,0,Medium,a referral is required but not on file; expected payment is only 37% of the billed amount; the payer type is Commercial,
CCLM-00009,0.4664399148237575,0,Medium,expected payment is only 29% of the billed amount; the payer type is Commercial; the payer type is Medicaid MCO,
CCLM-00126,0.4641496908588369,0,Medium,required supporting documentation appears to be missing; the claim was submitted 34 days after service (later submissions carry more denial risk); the claim lists 2 procedure codes,
CCLM-00178,0.4625028768040152,0,Medium,expected payment is only 27% of the billed amount; the payer type is Commercial; the payer type is Medicaid MCO,
CCLM-00144,0.4624032364583897,0,Medium,"the total billed amount is $40,994; this is an inpatient visit; the payer type is Commercial",
CCLM-00012,0.4608611612885965,0,Medium,the claim was submitted 30 days after service (later submissions carry more denial risk); expected payment is only 39% of the billed amount; the payer type is Commercial,
CCLM-00101,0.4604952892237868,0,Medium,expected payment is only 36% of the billed amount; the payer type is Commercial; the payer type is Medicaid MCO,
CCLM-00408,0.4601028545008004,0,Medium,expected payment is only 37% of the billed amount; the payer type is Commercial; the payer type is Medicaid MCO,
CCLM-00050,0.4595553500616425,0,Medium,"patient eligibility was not verified before submission; the payer type is Commercial; the expected payment is $17,158",
CCLM-00495,0.4584986027280045,0,Medium,expected payment is only 37% of the billed amount; the payer type is Commercial; the payer type is Medicare Advantage,
CCLM-00423,0.4577996104855785,0,Medium,the claim was submitted 29 days after service (later submissions carry more denial risk); the payer type is Commercial; expected payment is only 41% of the billed amount,
CCLM-00275,0.4552120969136964,0,Medium,expected payment is only 35% of the billed amount; this is an inpatient visit; the payer type is Commercial,
CCLM-00036,0.4543857277542685,0,Medium,the claim was submitted 66 days after service (later submissions carry more denial risk); this is an outpatient visit; this is an observation visit,
CCLM-00061,0.4536382592510714,0,Medium,the claim was submitted 34 days after service (later submissions carry more denial risk); the payer type is Commercial; the provider is out of network for this payer,
CCLM-00128,0.4530089907520207,0,Medium,expected payment is only 38% of the billed amount; the payer type is Commercial; the payer type is Medicaid MCO,
CCLM-00073,0.4514018669831975,0,Medium,expected payment is only 38% of the billed amount; the payer type is Commercial; the payer type is Medicaid MCO,
CCLM-00122,0.4470211043580492,0,Medium,expected payment is only 38% of the billed amount; the payer type is Commercial; the claim was submitted 26 days after service (later submissions carry more denial risk),
CCLM-00159,0.4462744782510869,0,Medium,"the total billed amount is $50,644; the expected payment is $21,345; this is an inpatient visit",
CCLM-00393,0.4450190864502792,0,Medium,required supporting documentation appears to be missing; this is an observation visit; the claim lists 3 procedure codes,
CCLM-00171,0.4442098380651016,0,Medium,required supporting documentation appears to be missing; the claim lists 1 procedure codes; the claim lists 7 diagnosis codes,
CCLM-00354,0.4428937615974986,0,Medium,the claim was submitted 31 days after service (later submissions carry more denial risk); expected payment is only 37% of the billed amount; the payer type is Commercial,
CCLM-00319,0.4422660124231268,0,Medium,expected payment is only 37% of the billed amount; this is an inpatient visit; the payer type is Commercial,
CCLM-00287,0.4421705339324915,0,Medium,required supporting documentation appears to be missing; the provider is out of network for this payer; the claim lists 2 procedure codes,
CCLM-00466,0.4409716195247287,0,Medium,the payer type is Commercial; the claim was submitted 24 days after service (later submissions carry more denial risk); the payer type is Medicare Advantage,
CCLM-00121,0.4398775312567016,0,Medium,the payer type is Commercial; the payer type is Medicare Advantage; the claim lists 1 procedure codes,
CCLM-00192,0.4388761716264254,0,Medium,this is an inpatient visit; the payer type is Commercial; expected payment is only 40% of the billed amount,
CCLM-00156,0.4384502175648316,0,Medium,a referral is required but not on file; the payer type is Commercial; the payer type is Medicaid MCO,
CCLM-00498,0.4382498820042145,0,Medium,expected payment is only 39% of the billed amount; the payer type is Commercial; the payer type is Medicaid MCO,
CCLM-00452,0.4365485942283973,0,Medium,expected payment is only 35% of the billed amount; the payer type is Commercial; the payer type is Medicaid MCO,
CCLM-00331,0.4346116713722688,0,Medium,patient eligibility was not verified before submission; the payer type is Commercial; the payer type is Medicare Advantage,
CCLM-00379,0.4316540391892156,0,Medium,the payer type is Commercial; the payer type is Medicaid MCO; expected payment is only 41% of the billed amount,
CCLM-00251,0.4294182949294304,0,Medium,the payer type is Commercial; the claim lists 8 diagnosis codes; the payer type is BCBS,
CCLM-00312,0.4293152431076923,0,Medium,required supporting documentation appears to be missing; this is an outpatient visit; this is an observation visit,
CCLM-00018,0.428140753009432,0,Medium,expected payment is only 35% of the billed amount; the payer type is Commercial; the payer type is Medicaid MCO,
CCLM-00271,0.4257798610231911,0,Medium,expected payment is only 35% of the billed amount; the payer type is Commercial; the claim was submitted 27 days after service (later submissions carry more denial risk),
CCLM-00048,0.4256091571542676,0,Medium,"this is an inpatient visit; the expected payment is $17,515; the total billed amount is $34,669",
CCLM-00436,0.4255601651157792,0,Medium,this is an inpatient visit; the payer type is Commercial; the payer type is Medicare Advantage,
CCLM-00045,0.4243976277335154,0,Medium,expected payment is only 29% of the billed amount; the payer type is Commercial; the payer type is Medicaid MCO,
CCLM-00076,0.4243754847272389,0,Medium,expected payment is only 34% of the billed amount; the payer type is Commercial; the payer type is Medicaid MCO,
CCLM-00359,0.4225838138606814,0,Medium,"the expected payment is $20,840; this is an inpatient visit; the payer type is Commercial",
CCLM-00234,0.420773725526734,0,Medium,prior authorization is required but not on file; this is an observation visit; this is an emergency visit,
CCLM-00081,0.4198353254219412,0,Medium,expected payment is only 36% of the billed amount; the claim was submitted 29 days after service (later submissions carry more denial risk); the payer type is Commercial,
CCLM-00015,0.4193086316567246,0,Medium,"the expected payment is $24,099; the total billed amount is $46,070; this is an inpatient visit",
CCLM-00052,0.4190788720709287,0,Medium,required supporting documentation appears to be missing; this is an outpatient visit; this is an observation visit,
CCLM-00142,0.419052640679843,0,Medium,prior authorization is required but not on file; this is an observation visit; this is an emergency visit,
CCLM-00291,0.4189000245862949,0,Medium,expected payment is only 30% of the billed amount; the payer type is Commercial; the payer type is Medicaid MCO,
CCLM-00080,0.4188178993671096,0,Medium,the claim was submitted 35 days after service (later submissions carry more denial risk); the claim lists 10 diagnosis codes; this is an outpatient visit,
CCLM-00162,0.4162252975770627,0,Low,the provider is out of network for this payer; the claim was submitted 25 days after service (later submissions carry more denial risk); the claim lists 8 diagnosis codes,
CCLM-00148,0.4137344844563001,0,Low,"patient eligibility was not verified before submission; this is an inpatient visit; the expected payment is $9,841",
CCLM-00316,0.4128877269219475,0,Low,the payer type is Commercial; the payer type is BCBS; the claim lists 2 procedure codes,
CCLM-00449,0.4100124816261363,0,Low,the payer type is Commercial; expected payment is only 41% of the billed amount; the payer type is Medicaid MCO,
CCLM-00031,0.4091419816637907,0,Low,the claim lists 12 diagnosis codes; this is an inpatient visit; the payer type is Commercial,
CCLM-00277,0.4091053703464689,0,Low,a referral is required but not on file; this is an inpatient visit; the provider is out of network for this payer,
CCLM-00320,0.4090438181537938,0,Low,expected payment is only 33% of the billed amount; the payer type is Commercial; the payer type is Medicaid MCO,
CCLM-00487,0.4090046849913271,0,Low,the claim was submitted 38 days after service (later submissions carry more denial risk); the payer type is Commercial; the payer type is BCBS,
CCLM-00233,0.4074583329593009,0,Low,a referral is required but not on file; the payer type is Commercial; the payer type is Medicare Advantage,
CCLM-00149,0.4068051409655102,0,Low,this is an inpatient visit; the payer type is Commercial; the payer type is Medicare Advantage,
CCLM-00110,0.4065586017443472,0,Low,the payer type is Commercial; the payer type is Medicaid MCO; expected payment is only 43% of the billed amount,
CCLM-00437,0.4063077292164399,0,Low,the payer type is Commercial; the payer type is Medicaid MCO; expected payment is only 41% of the billed amount,
CCLM-00472,0.4061087746425555,0,Low,the claim lists 15 diagnosis codes; this is an inpatient visit; the payer type is Commercial,
CCLM-00484,0.4046385387458408,0,Low,the payer type is Commercial; expected payment is only 41% of the billed amount; the payer type is Medicare Advantage,
CCLM-00325,0.4028211725054174,0,Low,expected payment is only 38% of the billed amount; the payer type is Commercial; the payer type is Medicaid MCO,
CCLM-00229,0.401866400151351,0,Low,the payer type is Commercial; the claim was submitted 24 days after service (later submissions carry more denial risk); the claim lists 1 procedure codes,
CCLM-00315,0.400639328754848,0,Low,expected payment is only 34% of the billed amount; this is an inpatient visit; the payer type is Commercial,
CCLM-00411,0.4003076104982228,0,Low,"the expected payment is $26,814; the total billed amount is $48,038; this is an inpatient visit",
CCLM-00349,0.3995104221331739,0,Low,this is an inpatient visit; expected payment is only 39% of the billed amount; the payer type is Commercial,
CCLM-00394,0.3993363668868162,0,Low,the payer type is Commercial; the payer type is Medicaid MCO; the provider is out of network for this payer,
CCLM-00444,0.3992544017688966,0,Low,the payer type is Commercial; the provider is out of network for this payer; the payer type is BCBS,
CCLM-00412,0.3976653866310676,0,Low,patient eligibility was not verified before submission; the claim was submitted 39 days after service (later submissions carry more denial risk); the claim lists 2 procedure codes,
CCLM-00371,0.3976084229266487,0,Low,prior authorization is required but not on file; this is an observation visit; the claim lists 3 procedure codes,
CCLM-00118,0.3975752293280402,0,Low,the payer type is Commercial; the claim lists 9 diagnosis codes; the payer type is Medicare Advantage,
CCLM-00464,0.3966822257677349,0,Low,"the claim was submitted 36 days after service (later submissions carry more denial risk); the payer type is Commercial; the expected payment is $12,443",
CCLM-00067,0.3957186728791396,0,Low,expected payment is only 30% of the billed amount; the payer type is Commercial; the payer type is Medicaid MCO,
CCLM-00460,0.3956708046030976,0,Low,the payer type is Commercial; the provider is out of network for this payer; the payer type is BCBS,
CCLM-00448,0.3954523910833534,0,Low,prior authorization is required but not on file; this is an observation visit; the claim lists 3 procedure codes,
CCLM-00438,0.3952142094158869,0,Low,this is an inpatient visit; the payer type is Commercial; the claim lists 9 diagnosis codes,
CCLM-00113,0.3940976848892252,0,Low,the payer type is Commercial; the payer type is Medicare Advantage; the claim lists 7 diagnosis codes,
CCLM-00428,0.3937666842676431,0,Low,this is an outpatient visit; this is an observation visit,
CCLM-00216,0.3908955447073698,0,Low,patient eligibility was not verified before submission; the claim lists 2 procedure codes; this is an observation visit,
CCLM-00278,0.3885126300525568,0,Low,the payer type is Commercial; expected payment is only 41% of the billed amount; the payer type is Medicare Advantage,
CCLM-00496,0.3848884889171032,0,Low,expected payment is only 34% of the billed amount; the payer type is Commercial; the claim was submitted 27 days after service (later submissions carry more denial risk),
CCLM-00479,0.3844400738818161,0,Low,the payer type is Commercial; the payer type is BCBS; this is an observation visit,
CCLM-00424,0.3833871292832709,0,Low,the claim was submitted 33 days after service (later submissions carry more denial risk); the payer type is Commercial; the payer type is Medicaid MCO,
CCLM-00430,0.3829857120966191,0,Low,patient eligibility was not verified before submission; this is an outpatient visit; the claim lists 2 procedure codes,
CCLM-00075,0.381673266287301,0,Low,expected payment is only 34% of the billed amount; the payer type is Commercial; the payer type is Medicaid MCO,
CCLM-00369,0.3808131121951447,0,Low,the payer type is Commercial; expected payment is only 43% of the billed amount; the payer type is Medicare Advantage,
CCLM-00020,0.3807819566266297,0,Low,patient eligibility was not verified before submission; this is an inpatient visit; the claim lists 8 diagnosis codes,
CCLM-00286,0.3804028202453489,0,Low,a referral is required but not on file; the claim lists 1 procedure codes; this is an observation visit,
CCLM-00220,0.3783493646219907,0,Low,a referral is required but not on file; the payer type is Commercial; the payer type is BCBS,
CCLM-00030,0.3780539749236044,0,Low,expected payment is only 35% of the billed amount; the payer type is Commercial; the payer type is Medicaid MCO,
CCLM-00440,0.3775928135150915,0,Low,this is an inpatient visit; the payer type is Commercial; the payer type is BCBS,
CCLM-00097,0.3714677184517558,0,Low,the payer type is Commercial; the provider is out of network for this payer; the payer type is BCBS,
CCLM-00140,0.3714148425478625,0,Low,expected payment is only 33% of the billed amount; the payer type is Commercial; the provider is out of network for this payer,
CCLM-00332,0.3713680005459999,0,Low,expected payment is only 34% of the billed amount; the payer type is Commercial; the payer type is Medicaid MCO,
CCLM-00355,0.3702654511478976,0,Low,the claim was submitted 40 days after service (later submissions carry more denial risk); this is an inpatient visit; the claim lists 11 diagnosis codes,
CCLM-00141,0.3687044179048779,0,Low,the payer type is Commercial; the payer type is Medicaid MCO; expected payment is only 42% of the billed amount,
CCLM-00200,0.3685821907691645,0,Low,"this is an inpatient visit; the claim was submitted 27 days after service (later submissions carry more denial risk); the expected payment is $9,972",
CCLM-00181,0.3680499929241789,0,Low,the claim was submitted 28 days after service (later submissions carry more denial risk); the payer type is Commercial; the payer type is BCBS,
CCLM-00065,0.3646537417930592,0,Low,the claim was submitted 37 days after service (later submissions carry more denial risk); the provider is out of network for this payer; expected payment is only 45% of the billed amount,
CCLM-00091,0.3631930325021716,0,Low,the claim was submitted 42 days after service (later submissions carry more denial risk); the payer type is Commercial; the payer type is BCBS,
CCLM-00109,0.3619334647886229,0,Low,expected payment is only 32% of the billed amount; the payer type is Commercial; the payer type is Medicaid MCO,
CCLM-00086,0.3567709769103375,0,Low,the payer type is Commercial; the claim lists 10 diagnosis codes; the payer type is BCBS,
CCLM-00457,0.3567360444146485,0,Low,"the expected payment is $19,046; the payer type is Commercial; the total billed amount is $34,367",
CCLM-00150,0.3565919047760725,0,Low,the payer type is Commercial; the payer type is Medicare Advantage; expected payment is only 46% of the billed amount,
CCLM-00183,0.3536451523097236,0,Low,expected payment is only 39% of the billed amount; the payer type is Commercial; the claim lists 9 diagnosis codes,
CCLM-00219,0.3533498138802679,0,Low,patient eligibility was not verified before submission; this is an observation visit; the claim lists 3 procedure codes,
CCLM-00007,0.3528813177128426,0,Low,patient eligibility was not verified before submission; the claim lists 9 diagnosis codes; expected payment is only 46% of the billed amount,
CCLM-00169,0.351403954637197,0,Low,expected payment is only 38% of the billed amount; the payer type is Commercial; the payer type is Medicaid MCO,
CCLM-00281,0.3511298304267994,0,Low,"the payer type is Commercial; the claim lists 10 diagnosis codes; the expected payment is $9,914",
CCLM-00129,0.3505410885150703,0,Low,"the payer type is Commercial; the claim was submitted 24 days after service (later submissions carry more denial risk); the expected payment is $10,126",
CCLM-00486,0.3500457347945642,0,Low,"the payer type is Commercial; the claim was submitted 24 days after service (later submissions carry more denial risk); the total billed amount is $24,116",
CCLM-00060,0.3484584643141843,0,Low,the payer type is Commercial; the payer type is Medicare Advantage; the claim lists 1 procedure codes,
CCLM-00490,0.3484215408737255,0,Low,a referral is required but not on file; the provider is out of network for this payer; this is an outpatient visit,
CCLM-00362,0.3478109957831421,0,Low,this is an inpatient visit; the claim lists 7 diagnosis codes; this is an outpatient visit,
CCLM-00164,0.3474035145637365,0,Low,the payer type is Commercial; the payer type is Medicaid MCO; expected payment is only 42% of the billed amount,
CCLM-00398,0.3466424000733592,0,Low,the payer type is Commercial; expected payment is only 43% of the billed amount; the payer type is Medicare Advantage,
CCLM-00429,0.3444078866611766,0,Low,the payer type is Commercial; the payer type is Medicare Advantage; expected payment is only 44% of the billed amount,
CCLM-00070,0.3430682451985813,0,Low,the claim was submitted 35 days after service (later submissions carry more denial risk); the claim lists 2 procedure codes; this is an observation visit,
CCLM-00343,0.3424930229380169,0,Low,the payer type is Commercial; the claim was submitted 27 days after service (later submissions carry more denial risk); the payer type is BCBS,
CCLM-00074,0.341583850569667,0,Low,"the payer type is Commercial; the payer type is BCBS; the expected payment is $8,728",
CCLM-00302,0.3411674346285284,0,Low,the claim was submitted 28 days after service (later submissions carry more denial risk); this is an outpatient visit; the claim lists 2 procedure codes,
CCLM-00298,0.3406172734854018,0,Low,the payer type is Commercial; the claim lists 7 diagnosis codes; the payer type is BCBS,
CCLM-00245,0.3400543726560208,0,Low,the payer type is Commercial; the claim lists 7 diagnosis codes; the payer type is BCBS,
CCLM-00451,0.3391184945262749,0,Low,the payer type is Commercial; the claim lists 10 diagnosis codes; the payer type is BCBS,
CCLM-00079,0.3364605475712507,0,Low,the payer type is Commercial; the payer type is Medicare Advantage; this is an outpatient visit,
CCLM-00350,0.3316419201132389,0,Low,the claim lists 1 procedure codes; the claim lists 7 diagnosis codes; this is an outpatient visit,
CCLM-00035,0.3315336245910505,0,Low,expected payment is only 45% of the billed amount; this is an observation visit; this is an emergency visit,
CCLM-00071,0.3305422381810294,0,Low,expected payment is only 27% of the billed amount; the payer type is Commercial; the payer type is Medicaid MCO,
CCLM-00227,0.3303766494731258,0,Low,the payer type is Commercial; expected payment is only 45% of the billed amount; the claim lists 7 diagnosis codes,
CCLM-00106,0.3299671442416477,0,Low,expected payment is only 31% of the billed amount; the payer type is Commercial; the payer type is Medicaid MCO,
CCLM-00489,0.3279098539186034,0,Low,the payer type is Commercial; the payer type is Medicare Advantage; the claim lists 7 diagnosis codes,
CCLM-00112,0.3260834428968917,0,Low,"the claim was submitted 23 days after service (later submissions carry more denial risk); the expected payment is $8,587; the total billed amount is $15,415",
CCLM-00172,0.3242788151939609,0,Low,"this is an inpatient visit; the expected payment is $17,543; the provider is out of network for this payer",
CCLM-00391,0.3237886806826903,0,Low,this is an outpatient visit; this is an observation visit; the claim lists 3 procedure codes,
CCLM-00249,0.3192582542584176,0,Low,"expected payment is only 45% of the billed amount; the total billed amount is $15,745; this is an observation visit",
CCLM-00469,0.3187340904502619,0,Low,expected payment is only 35% of the billed amount; the payer type is Commercial; the payer type is Medicaid MCO,
CCLM-00374,0.3186327654790409,0,Low,the payer type is Commercial; expected payment is only 40% of the billed amount; the payer type is Medicaid MCO,
CCLM-00066,0.3182475102597053,0,Low,the payer type is Commercial; expected payment is only 43% of the billed amount; the payer type is Medicare Advantage,
CCLM-00414,0.3178783733262171,0,Low,the claim was submitted 23 days after service (later submissions carry more denial risk); this is an observation visit; this is an emergency visit,
CCLM-00002,0.3175971609204374,0,Low,the claim was submitted 32 days after service (later submissions carry more denial risk); the claim lists 2 procedure codes; this is an observation visit,
CCLM-00453,0.3174539300229769,0,Low,the claim was submitted 27 days after service (later submissions carry more denial risk); the claim lists 8 diagnosis codes; this is an outpatient visit,
CCLM-00188,0.3162634783296714,0,Low,this is an inpatient visit; the payer type is Commercial; the payer type is Medicare Advantage,
CCLM-00160,0.3159072143505634,0,Low,the payer type is Commercial; the claim was submitted 23 days after service (later submissions carry more denial risk); the payer type is BCBS,
CCLM-00367,0.3131136655778945,0,Low,the payer type is Commercial; the payer type is Medicaid MCO; expected payment is only 43% of the billed amount,
CCLM-00008,0.3130955619063162,0,Low,"the expected payment is $10,536; the total billed amount is $19,272; this is an observation visit",
CCLM-00210,0.3120015533384832,0,Low,"the payer type is Commercial; the expected payment is $15,148; the total billed amount is $28,930",
CCLM-00301,0.3118268732172224,0,Low,this is an inpatient visit; the claim lists 7 diagnosis codes; this is an outpatient visit,
CCLM-00246,0.3100055976174573,0,Low,the claim was submitted 40 days after service (later submissions carry more denial risk); this is an outpatient visit; this is an observation visit,
CCLM-00348,0.3095889023132794,0,Low,a referral is required but not on file; the claim lists 8 diagnosis codes; this is an outpatient visit,
CCLM-00260,0.3060737594601506,0,Low,the payer type is Commercial; the payer type is Medicare Advantage; this is an observation visit,
CCLM-00395,0.3059383617357637,0,Low,this is an inpatient visit; the payer type is Commercial; the payer type is BCBS,
CCLM-00024,0.3058156805753315,0,Low,"this is an inpatient visit; the claim lists 10 diagnosis codes; the expected payment is $13,196",
CCLM-00243,0.3047493401349679,0,Low,"the payer type is Commercial; the payer type is BCBS; the expected payment is $9,678",
CCLM-00043,0.3035900605732323,0,Low,expected payment is only 39% of the billed amount; the payer type is Commercial; the payer type is Medicaid MCO,
CCLM-00420,0.3006315084689319,0,Low,the payer type is Commercial; the payer type is BCBS; the claim lists 2 procedure codes,
CCLM-00256,0.3003855877783574,0,Low,the payer type is Commercial; the payer type is BCBS; the claim lists 2 procedure codes,
CCLM-00161,0.2995133578615253,0,Low,"the expected payment is $7,770; the total billed amount is $15,510; this is an observation visit",
CCLM-00016,0.2986061163965978,0,Low,"the expected payment is $11,050; the claim was submitted 23 days after service (later submissions carry more denial risk); the total billed amount is $20,059",
CCLM-00261,0.2983041755206918,0,Low,the payer type is Commercial; the provider is out of network for this payer; the payer type is BCBS,
CCLM-00127,0.2969986881675023,0,Low,the claim was submitted 30 days after service (later submissions carry more denial risk); this is an outpatient visit; the claim lists 3 procedure codes,
CCLM-00132,0.296445806921804,0,Low,"the expected payment is $26,069; the claim lists 13 diagnosis codes; this is an inpatient visit",
CCLM-00223,0.2963989400814812,0,Low,the payer type is Commercial; expected payment is only 40% of the billed amount; the payer type is Medicare Advantage,
CCLM-00297,0.2963861630590234,0,Low,the payer type is Commercial; the payer type is BCBS; this is an observation visit,
CCLM-00201,0.2948330945254241,0,Low,this is an outpatient visit; this is an observation visit,
CCLM-00409,0.2940908660561496,0,Low,patient eligibility was not verified before submission; this is an outpatient visit; this is an emergency visit,
CCLM-00306,0.2925084383521606,0,Low,"the claim was submitted 27 days after service (later submissions carry more denial risk); this is an outpatient visit; the expected payment is $8,578",
CCLM-00038,0.2923282126092821,0,Low,the payer type is Commercial; the payer type is Medicare Advantage; the claim lists 2 procedure codes,
CCLM-00396,0.2919839830759739,0,Low,the claim lists 9 diagnosis codes; the claim was submitted 25 days after service (later submissions carry more denial risk); this is an outpatient visit,
CCLM-00283,0.2919102608783758,0,Low,the payer type is Commercial; the payer type is BCBS; this is an observation visit,
CCLM-00434,0.288888499912289,0,Low,this is an observation visit; the claim lists 3 procedure codes; this is an emergency visit,
CCLM-00072,0.2874426518845554,0,Low,"the claim was submitted 24 days after service (later submissions carry more denial risk); this is an outpatient visit; the total billed amount is $17,022",
CCLM-00236,0.2839580094449326,0,Low,the payer type is Commercial; the payer type is BCBS; this is an outpatient visit,
CCLM-00057,0.2835789769998775,0,Low,the payer type is Commercial; the payer type is Medicaid MCO; the claim lists 1 procedure codes,
CCLM-00228,0.2833394636824395,0,Low,this is an inpatient visit; the provider is out of network for this payer; the claim lists 9 diagnosis codes,
CCLM-00238,0.2807166495604702,0,Low,the claim was submitted 32 days after service (later submissions carry more denial risk); the claim lists 1 procedure codes; this is an observation visit,
CCLM-00351,0.2777642176874332,0,Low,"the expected payment is $10,146; the total billed amount is $16,381; this is an observation visit",
CCLM-00001,0.2775682226731736,0,Low,the provider is out of network for this payer; expected payment is only 43% of the billed amount; this is an outpatient visit,
CCLM-00483,0.2775106248516438,0,Low,this is an outpatient visit; the claim was submitted 21 days after service (later submissions carry more denial risk); this is an emergency visit,
CCLM-00218,0.2763187401273422,0,Low,the provider is out of network for this payer; the claim was submitted 25 days after service (later submissions carry more denial risk); this is an observation visit,
CCLM-00021,0.2760902817443432,0,Low,this is an observation visit; expected payment is only 47% of the billed amount; this is an emergency visit,
CCLM-00366,0.2730064662790763,0,Low,patient eligibility was not verified before submission; this is an observation visit; this is an emergency visit,
CCLM-00497,0.2727170138057347,0,Low,patient eligibility was not verified before submission; the provider is out of network for this payer; this is an outpatient visit,
CCLM-00226,0.2725695418537355,0,Low,the payer type is Commercial; the payer type is BCBS; expected payment is only 46% of the billed amount,
CCLM-00454,0.2722222218412115,0,Low,the payer type is Commercial; the payer type is BCBS; the claim lists 2 procedure codes,
CCLM-00400,0.2712342471469545,0,Low,the claim lists 2 procedure codes; this is an observation visit; this is an emergency visit,
CCLM-00069,0.2704173344661845,0,Low,"this is an observation visit; the claim lists 3 procedure codes; the expected payment is $6,423",
CCLM-00387,0.2702045780653781,0,Low,"a referral is required but not on file; the claim lists 12 diagnosis codes; the expected payment is $14,151",
CCLM-00095,0.2700559140129329,0,Low,the payer type is Commercial; the payer type is Medicare Advantage; the claim lists 1 procedure codes,
CCLM-00193,0.2690599829215362,0,Low,this is an inpatient visit; the claim lists 9 diagnosis codes; this is an outpatient visit,
CCLM-00309,0.2677812060025418,0,Low,the claim lists 2 procedure codes; this is an observation visit; this is an emergency visit,
CCLM-00346,0.2677734704820828,0,Low,the provider is out of network for this payer; this is an observation visit; the claim lists 3 procedure codes,
CCLM-00131,0.2666294264206911,0,Low,the payer type is Commercial; the payer type is BCBS; this is an outpatient visit,
CCLM-00293,0.2663825535852021,0,Low,the payer type is Commercial; the payer type is Medicare Advantage; the claim lists 2 procedure codes,
CCLM-00059,0.2659460567493157,0,Low,the claim lists 2 procedure codes; this is an observation visit; this is an emergency visit,
CCLM-00340,0.2653544375452296,0,Low,this is an inpatient visit; the claim lists 8 diagnosis codes; this is an outpatient visit,
CCLM-00107,0.2628211001781669,0,Low,patient eligibility was not verified before submission; this is an observation visit; the claim lists 3 procedure codes,
CCLM-00493,0.2625292650781905,0,Low,this is an outpatient visit; the claim lists 3 procedure codes; the claim lists 6 diagnosis codes,
CCLM-00353,0.2621706580926019,0,Low,the claim was submitted 37 days after service (later submissions carry more denial risk); the provider is out of network for this payer; the claim lists 1 procedure codes,
CCLM-00342,0.2619269366883803,0,Low,"the claim lists 13 diagnosis codes; the expected payment is $22,941; this is an inpatient visit",
CCLM-00292,0.2616890645035011,0,Low,this is an inpatient visit; the claim lists 9 diagnosis codes; this is an outpatient visit,
CCLM-00406,0.2614531894699032,0,Low,the claim was submitted 28 days after service (later submissions carry more denial risk); expected payment is only 47% of the billed amount; this is an observation visit,
CCLM-00347,0.2614383793722971,0,Low,the provider is out of network for this payer; the claim was submitted 24 days after service (later submissions carry more denial risk); this is an observation visit,
CCLM-00480,0.2606049982171743,0,Low,the claim lists 2 procedure codes; this is an observation visit; this is an emergency visit,
CCLM-00274,0.2603771039102902,0,Low,this is an inpatient visit; the claim lists 8 diagnosis codes; this is an outpatient visit,
CCLM-00133,0.2596635485475758,0,Low,the payer type is Commercial; the provider is out of network for this payer; the payer type is BCBS,
CCLM-00465,0.259643370618523,0,Low,"the expected payment is $11,216; the total billed amount is $19,976; this is an outpatient visit",
CCLM-00417,0.2591991082150444,0,Low,the claim was submitted 36 days after service (later submissions carry more denial risk); the claim lists 1 procedure codes; this is an observation visit,
CCLM-00389,0.2575562663530989,0,Low,the payer type is Commercial; the payer type is BCBS; this is an observation visit,
CCLM-00047,0.2573905290703139,0,Low,"this is an observation visit; the claim lists 3 procedure codes; the expected payment is $6,679",
CCLM-00357,0.256007568524865,0,Low,the claim was submitted 29 days after service (later submissions carry more denial risk); the provider is out of network for this payer; this is an observation visit,
CCLM-00064,0.2555836086791606,0,Low,expected payment is only 35% of the billed amount; the payer type is Commercial; the payer type is Medicaid MCO,
CCLM-00027,0.2509344729953756,0,Low,the payer type is Commercial; the payer type is Medicare Advantage; expected payment is only 45% of the billed amount,
CCLM-00330,0.2492956233281495,0,Low,"the expected payment is $14,611; the total billed amount is $22,748; this is an outpatient visit",
CCLM-00033,0.2487258523959451,0,Low,"this is an inpatient visit; the claim lists 10 diagnosis codes; the expected payment is $13,940",
CCLM-00276,0.2475190697262677,0,Low,"the provider is out of network for this payer; this is an outpatient visit; the expected payment is $6,138",
CCLM-00300,0.2430647514656777,0,Low,"the expected payment is $15,829; the total billed amount is $24,231; the claim lists 2 procedure codes",
CCLM-00499,0.2411367319840293,0,Low,the claim lists 7 diagnosis codes; this is an outpatient visit; this is an observation visit,
CCLM-00198,0.2402776099811965,0,Low,the claim was submitted 29 days after service (later submissions carry more denial risk); this is an observation visit; the claim lists 3 procedure codes,
CCLM-00083,0.2395647572885626,0,Low,the claim lists 1 procedure codes; this is an observation visit; this is an emergency visit,
CCLM-00111,0.2387239219581892,0,Low,the claim lists 2 procedure codes; this is an observation visit; this is an emergency visit,
CCLM-00425,0.2385127925709817,0,Low,the claim was submitted 24 days after service (later submissions carry more denial risk); the claim lists 2 procedure codes; this is an observation visit,
CCLM-00167,0.2365708224633254,0,Low,"this is an observation visit; the claim lists 3 procedure codes; the expected payment is $6,694",
CCLM-00335,0.2363834943952131,0,Low,the provider is out of network for this payer; the claim lists 2 procedure codes; this is an observation visit,
CCLM-00322,0.2363707414793414,0,Low,the claim was submitted 23 days after service (later submissions carry more denial risk); this is an outpatient visit; the claim lists 2 procedure codes,
CCLM-00265,0.2352300056622376,0,Low,"the provider is out of network for this payer; the claim lists 1 procedure codes; the expected payment is $10,264",
CCLM-00323,0.2342297384435245,0,Low,the claim lists 2 procedure codes; this is an observation visit; this is an emergency visit,
CCLM-00266,0.2311761759143008,0,Low,the claim was submitted 48 days after service (later submissions carry more denial risk); this is an observation visit; this is an emergency visit,
CCLM-00426,0.22896957347277,0,Low,the claim lists 7 diagnosis codes; this is an observation visit; the claim lists 3 procedure codes,
CCLM-00363,0.2271085569112288,0,Low,the payer type is Commercial; the payer type is BCBS; this is an observation visit,
CCLM-00093,0.2270704109503217,0,Low,this is an inpatient visit; the claim was submitted 23 days after service (later submissions carry more denial risk); this is an outpatient visit,
CCLM-00456,0.2270354657550979,0,Low,"the expected payment is $8,644; the total billed amount is $17,055; this is an observation visit",
CCLM-00241,0.2268359812441301,0,Low,the claim was submitted 33 days after service (later submissions carry more denial risk); this is an observation visit; the claim lists 3 procedure codes,
CCLM-00336,0.2266964946545397,0,Low,this is an outpatient visit; this is an observation visit,
CCLM-00119,0.2240047103917596,0,Low,this is an observation visit; the claim lists 3 procedure codes; this is an emergency visit,
CCLM-00258,0.2238170974609972,0,Low,this is an inpatient visit; this is an outpatient visit; this is an observation visit,
CCLM-00084,0.2234704801758067,0,Low,the claim lists 1 procedure codes; this is an observation visit; this is an emergency visit,
CCLM-00041,0.2231990299919726,0,Low,"the claim lists 2 procedure codes; the expected payment is $8,669; this is an observation visit",
CCLM-00056,0.223188041037728,0,Low,the claim was submitted 26 days after service (later submissions carry more denial risk); the claim lists 2 procedure codes; this is an observation visit,
CCLM-00029,0.2214652289125102,0,Low,the provider is out of network for this payer; the claim lists 2 procedure codes; this is an observation visit,
CCLM-00105,0.2212277717276057,0,Low,the claim was submitted 25 days after service (later submissions carry more denial risk); this is an observation visit; this is an emergency visit,
CCLM-00155,0.219340500471337,0,Low,this is an observation visit; the claim was submitted 21 days after service (later submissions carry more denial risk); this is an emergency visit,
CCLM-00433,0.2189805692142362,0,Low,the claim was submitted 25 days after service (later submissions carry more denial risk); this is an outpatient visit; this is an observation visit,
CCLM-00026,0.2183830450941768,0,Low,this is an outpatient visit; this is an observation visit; the claim lists 6 diagnosis codes,
CCLM-00237,0.2167363523071988,0,Low,this is an inpatient visit; the claim lists 11 diagnosis codes; this is an outpatient visit,
CCLM-00264,0.2163086643202392,0,Low,the claim lists 8 diagnosis codes; this is an outpatient visit; this is an observation visit,
CCLM-00078,0.2158022402051359,0,Low,the claim was submitted 22 days after service (later submissions carry more denial risk); this is an observation visit; this is an emergency visit,
CCLM-00327,0.2151654136070942,0,Low,the claim lists 2 procedure codes; this is an observation visit; this is an emergency visit,
CCLM-00197,0.2146537407617585,0,Low,this is an observation visit; this is an emergency visit,
CCLM-00100,0.2140714897196375,0,Low,the claim was submitted 23 days after service (later submissions carry more denial risk); this is an observation visit; the claim lists 3 procedure codes,
CCLM-00289,0.213199175366753,0,Low,the claim lists 7 diagnosis codes; this is an observation visit; this is an emergency visit,
CCLM-00399,0.2119531121743453,0,Low,the provider is out of network for this payer; the claim lists 7 diagnosis codes; this is an observation visit,
CCLM-00211,0.2097991502429752,0,Low,this is an observation visit; the claim lists 3 procedure codes; this is an emergency visit,
CCLM-00485,0.2072643362842253,0,Low,this is an outpatient visit; this is an emergency visit,
CCLM-00244,0.2052494139635706,0,Low,this is an inpatient visit; the claim lists 11 diagnosis codes; this is an outpatient visit,
CCLM-00034,0.2050334270946098,0,Low,this is an inpatient visit; the claim lists 8 diagnosis codes; this is an outpatient visit,
CCLM-00175,0.2046868223705711,0,Low,this is an inpatient visit; the provider is out of network for this payer; this is an outpatient visit,
CCLM-00356,0.2027682321837645,0,Low,"the claim lists 9 diagnosis codes; this is an outpatient visit; the expected payment is $8,626",
CCLM-00267,0.2025747741618137,0,Low,this is an observation visit; this is an emergency visit; the claim lists 4 procedure codes,
CCLM-00146,0.2007779300649712,0,Low,"the expected payment is $10,217; the total billed amount is $19,563; this is an outpatient visit",
CCLM-00205,0.2006434662494674,0,Low,this is an observation visit; the claim was submitted 21 days after service (later submissions carry more denial risk); this is an emergency visit,
CCLM-00361,0.199977358319048,0,Low,the claim was submitted 26 days after service (later submissions carry more denial risk); the claim lists 2 procedure codes; this is an observation visit,
CCLM-00462,0.1981993986594466,0,Low,this is an observation visit; this is an emergency visit; the claim lists 4 procedure codes,
CCLM-00368,0.1974178051923188,0,Low,the claim was submitted 30 days after service (later submissions carry more denial risk); this is an outpatient visit; this is an observation visit,
CCLM-00123,0.189329013112134,0,Low,the claim lists 1 procedure codes; this is an observation visit; this is an emergency visit,
CCLM-00186,0.1805204418868755,0,Low,"this is an observation visit; this is an emergency visit; the expected payment is $5,613",
CCLM-00138,0.1804972624774356,0,Low,the claim was submitted 29 days after service (later submissions carry more denial risk); this is an observation visit; the claim lists 6 diagnosis codes,
CCLM-00096,0.1796231539224333,0,Low,"this is an inpatient visit; the expected payment is $10,491; this is an outpatient visit",
CCLM-00225,0.1785460120175155,0,Low,the claim lists 12 diagnosis codes; the claim was submitted 24 days after service (later submissions carry more denial risk); this is an outpatient visit,
CCLM-00482,0.1781822398697911,0,Low,the claim lists 2 procedure codes; this is an observation visit; the claim lists 6 diagnosis codes,
CCLM-00303,0.1761434085164968,0,Low,this is an observation visit; this is an emergency visit; the claim lists 4 procedure codes,
CCLM-00427,0.1715279623407404,0,Low,this is an observation visit; this is an emergency visit; the claim lists 4 procedure codes,
CCLM-00232,0.1701204871788238,0,Low,this is an observation visit; the claim lists 3 procedure codes; this is an emergency visit,
CCLM-00010,0.1699102106888655,0,Low,this is an observation visit; this is an emergency visit,
CCLM-00090,0.1685564925800144,0,Low,this is an outpatient visit; this is an observation visit; the claim lists 3 procedure codes,
CCLM-00242,0.1675986761631512,0,Low,the claim lists 7 diagnosis codes; this is an outpatient visit; this is an emergency visit,
CCLM-00358,0.1672154772194141,0,Low,the claim lists 2 procedure codes; this is an observation visit; this is an emergency visit,
CCLM-00415,0.1665012673799711,0,Low,this is an observation visit; this is an emergency visit; the claim lists 4 procedure codes,
CCLM-00284,0.1574154990532857,0,Low,"this is an outpatient visit; the expected payment is $9,093; the total billed amount is $15,526",
CCLM-00329,0.1540659319318979,0,Low,this is an outpatient visit; the claim lists 2 procedure codes; this is an emergency visit,
CCLM-00403,0.1538303152539417,0,Low,this is an observation visit; the claim lists 3 procedure codes; this is an emergency visit,
CCLM-00208,0.1534410152077595,0,Low,the claim lists 2 procedure codes; this is an observation visit; this is an emergency visit,
CCLM-00273,0.1497886698146145,0,Low,the claim lists 2 procedure codes; this is an observation visit; this is an emergency visit,
CCLM-00022,0.1479668559931257,0,Low,this is an observation visit; this is an emergency visit; the claim lists 4 procedure codes,
CCLM-00445,0.1473221026058286,0,Low,this is an outpatient visit; the claim lists 2 procedure codes; this is an emergency visit,
CCLM-00419,0.1446575717507531,0,Low,this is an observation visit; the claim lists 3 procedure codes; this is an emergency visit,
CCLM-00153,0.1354541100438838,0,Low,this is an observation visit; this is an emergency visit,
CCLM-00458,0.1351044821429156,0,Low,the provider is out of network for this payer; this is an observation visit; this is an emergency visit,
CCLM-00185,0.1330352373161833,0,Low,the claim lists 8 diagnosis codes; this is an outpatient visit; the claim lists 2 procedure codes,
CCLM-00250,0.1176587406674185,0,Low,"this is an outpatient visit; the claim lists 3 procedure codes; the expected payment is $7,050",
CCLM-00442,0.0988862353770938,0,Low,this is an outpatient visit; the claim lists 2 procedure codes; this is an emergency visit,
